,행정구역,2019년02월_계_총인구수,2019년02월_계_연령구간인구수,2019년02월_계_0세,2019년02월_계_1세,2019년02월_계_2세,2019년02월_계_3세,2019년02월_계_4세,2019년02월_계_5세,2019년02월_계_6세,2019년02월_계_7세,2019년02월_계_8세,2019년02월_계_9세,2019년02월_계_10세,2019년02월_계_11세,2019년02월_계_12세,2019년02월_계_13세,2019년02월_계_14세,2019년02월_계_15세,2019년02월_계_16세,2019년02월_계_17세,2019년02월_계_18세,2019년02월_계_19세,2019년02월_계_20세,2019년02월_계_21세,2019년02월_계_22세,2019년02월_계_23세,2019년02월_계_24세,2019년02월_계_25세,2019년02월_계_26세,2019년02월_계_27세,2019년02월_계_28세,2019년02월_계_29세,2019년02월_계_30세,2019년02월_계_31세,2019년02월_계_32세,2019년02월_계_33세,2019년02월_계_34세,2019년02월_계_35세,2019년02월_계_36세,2019년02월_계_37세,2019년02월_계_38세,2019년02월_계_39세,2019년02월_계_40세,2019년02월_계_41세,2019년02월_계_42세,2019년02월_계_43세,2019년02월_계_44세,2019년02월_계_45세,2019년02월_계_46세,2019년02월_계_47세,2019년02월_계_48세,2019년02월_계_49세,2019년02월_계_50세,2019년02월_계_51세,2019년02월_계_52세,2019년02월_계_53세,2019년02월_계_54세,2019년02월_계_55세,2019년02월_계_56세,2019년02월_계_57세,2019년02월_계_58세,2019년02월_계_59세,2019년02월_계_60세,2019년02월_계_61세,2019년02월_계_62세,2019년02월_계_63세,2019년02월_계_64세,2019년02월_계_65세,2019년02월_계_66세,2019년02월_계_67세,2019년02월_계_68세,2019년02월_계_69세,2019년02월_계_70세,2019년02월_계_71세,2019년02월_계_72세,2019년02월_계_73세,2019년02월_계_74세,2019년02월_계_75세,2019년02월_계_76세,2019년02월_계_77세,2019년02월_계_78세,2019년02월_계_79세,2019년02월_계_80세,2019년02월_계_81세,2019년02월_계_82세,2019년02월_계_83세,2019년02월_계_84세,2019년02월_계_85세,2019년02월_계_86세,2019년02월_계_87세,2019년02월_계_88세,2019년02월_계_89세,2019년02월_계_90세,2019년02월_계_91세,2019년02월_계_92세,2019년02월_계_93세,2019년02월_계_94세,2019년02월_계_95세,2019년02월_계_96세,2019년02월_계_97세,2019년02월_계_98세,2019년02월_계_99세,2019년02월_계_100세 이상,2019년02월_남_총인구수,2019년02월_남_연령구간인구수,2019년02월_남_0세,2019년02월_남_1세,2019년02월_남_2세,2019년02월_남_3세,2019년02월_남_4세,2019년02월_남_5세,2019년02월_남_6세,2019년02월_남_7세,2019년02월_남_8세,2019년02월_남_9세,2019년02월_남_10세,2019년02월_남_11세,2019년02월_남_12세,2019년02월_남_13세,2019년02월_남_14세,2019년02월_남_15세,2019년02월_남_16세,2019년02월_남_17세,2019년02월_남_18세,2019년02월_남_19세,2019년02월_남_20세,2019년02월_남_21세,2019년02월_남_22세,2019년02월_남_23세,2019년02월_남_24세,2019년02월_남_25세,2019년02월_남_26세,2019년02월_남_27세,2019년02월_남_28세,2019년02월_남_29세,2019년02월_남_30세,2019년02월_남_31세,2019년02월_남_32세,2019년02월_남_33세,2019년02월_남_34세,2019년02월_남_35세,2019년02월_남_36세,2019년02월_남_37세,2019년02월_남_38세,2019년02월_남_39세,2019년02월_남_40세,2019년02월_남_41세,2019년02월_남_42세,2019년02월_남_43세,2019년02월_남_44세,2019년02월_남_45세,2019년02월_남_46세,2019년02월_남_47세,2019년02월_남_48세,2019년02월_남_49세,2019년02월_남_50세,2019년02월_남_51세,2019년02월_남_52세,2019년02월_남_53세,2019년02월_남_54세,2019년02월_남_55세,2019년02월_남_56세,2019년02월_남_57세,2019년02월_남_58세,2019년02월_남_59세,2019년02월_남_60세,2019년02월_남_61세,2019년02월_남_62세,2019년02월_남_63세,2019년02월_남_64세,2019년02월_남_65세,2019년02월_남_66세,2019년02월_남_67세,2019년02월_남_68세,2019년02월_남_69세,2019년02월_남_70세,2019년02월_남_71세,2019년02월_남_72세,2019년02월_남_73세,2019년02월_남_74세,2019년02월_남_75세,2019년02월_남_76세,2019년02월_남_77세,2019년02월_남_78세,2019년02월_남_79세,2019년02월_남_80세,2019년02월_남_81세,2019년02월_남_82세,2019년02월_남_83세,2019년02월_남_84세,2019년02월_남_85세,2019년02월_남_86세,2019년02월_남_87세,2019년02월_남_88세,2019년02월_남_89세,2019년02월_남_90세,2019년02월_남_91세,2019년02월_남_92세,2019년02월_남_93세,2019년02월_남_94세,2019년02월_남_95세,2019년02월_남_96세,2019년02월_남_97세,2019년02월_남_98세,2019년02월_남_99세,2019년02월_남_100세 이상,2019년02월_여_총인구수,2019년02월_여_연령구간인구수,2019년02월_여_0세,2019년02월_여_1세,2019년02월_여_2세,2019년02월_여_3세,2019년02월_여_4세,2019년02월_여_5세,2019년02월_여_6세,2019년02월_여_7세,2019년02월_여_8세,2019년02월_여_9세,2019년02월_여_10세,2019년02월_여_11세,2019년02월_여_12세,2019년02월_여_13세,2019년02월_여_14세,2019년02월_여_15세,2019년02월_여_16세,2019년02월_여_17세,2019년02월_여_18세,2019년02월_여_19세,2019년02월_여_20세,2019년02월_여_21세,2019년02월_여_22세,2019년02월_여_23세,2019년02월_여_24세,2019년02월_여_25세,2019년02월_여_26세,2019년02월_여_27세,2019년02월_여_28세,2019년02월_여_29세,2019년02월_여_30세,2019년02월_여_31세,2019년02월_여_32세,2019년02월_여_33세,2019년02월_여_34세,2019년02월_여_35세,2019년02월_여_36세,2019년02월_여_37세,2019년02월_여_38세,2019년02월_여_39세,2019년02월_여_40세,2019년02월_여_41세,2019년02월_여_42세,2019년02월_여_43세,2019년02월_여_44세,2019년02월_여_45세,2019년02월_여_46세,2019년02월_여_47세,2019년02월_여_48세,2019년02월_여_49세,2019년02월_여_50세,2019년02월_여_51세,2019년02월_여_52세,2019년02월_여_53세,2019년02월_여_54세,2019년02월_여_55세,2019년02월_여_56세,2019년02월_여_57세,2019년02월_여_58세,2019년02월_여_59세,2019년02월_여_60세,2019년02월_여_61세,2019년02월_여_62세,2019년02월_여_63세,2019년02월_여_64세,2019년02월_여_65세,2019년02월_여_66세,2019년02월_여_67세,2019년02월_여_68세,2019년02월_여_69세,2019년02월_여_70세,2019년02월_여_71세,2019년02월_여_72세,2019년02월_여_73세,2019년02월_여_74세,2019년02월_여_75세,2019년02월_여_76세,2019년02월_여_77세,2019년02월_여_78세,2019년02월_여_79세,2019년02월_여_80세,2019년02월_여_81세,2019년02월_여_82세,2019년02월_여_83세,2019년02월_여_84세,2019년02월_여_85세,2019년02월_여_86세,2019년02월_여_87세,2019년02월_여_88세,2019년02월_여_89세,2019년02월_여_90세,2019년02월_여_91세,2019년02월_여_92세,2019년02월_여_93세,2019년02월_여_94세,2019년02월_여_95세,2019년02월_여_96세,2019년02월_여_97세,2019년02월_여_98세,2019년02월_여_99세,2019년02월_여_100세 이상
0,전국  (0000000000),51829538,51829538,311415,356047,403065,439617,439816,438231,485989,475085,479993,446948,464795,498533,455024,437602,465467,491722,490273,544436,628750,624344,633598,666771,678688,702925,709053,707033,722143,702326,639257,635107,626897,618409,624991,646315,651556,736834,812418,844698,833743,834502,746055,773515,759770,786950,850920,894428,895151,932079,932998,913110,933257,854405,837725,842113,842257,772401,861471,903001,934379,863883,779887,760140,702733,699608,642576,523824,565385,444430,438025,447507,440380,435459,393564,299857,330395,312941,396808,339444,282496,283196,255715,228490,209818,188516,165902,135277,117433,95218,77863,68033,54921,43500,31433,23391,17086,14956,12520,8035,5460,3861,19171,25866255,25866255,159891,183292,206300,225501,225138,224230,249264,244039,246925,230337,239299,256177,235267,226580,240951,255390,255467,283403,327893,325682,330735,345672,356064,370785,377665,376208,381627,368478,335554,334322,326785,319276,321923,333111,334777,376973,414733,430176,425373,424838,379920,391406,388141,398517,432909,450227,457357,476634,474494,461631,469814,426081,431236,425155,426600,393427,438411,452710,463797,427203,388793,379402,347889,340767,314998,253434,272741,214122,209493,212716,208856,203565,183454,137368,146711,134225,173685,143498,115938,113599,99783,86591,76291,65850,55095,42932,35360,26694,20154,17284,13241,9961,6900,4825,3846,3262,2784,1728,1217,938,4494,25963283,25963283,151524,172755,196765,214116,214678,214001,236725,231046,233068,216611,225496,242356,219757,211022,224516,236332,234806,261033,300857,298662,302863,321099,322624,332140,331388,330825,340516,333848,303703,300785,300112,299133,303068,313204,316779,359861,397685,414522,408370,409664,366135,382109,371629,388433,418011,444201,437794,455445,458504,451479,463443,428324,406489,416958,415657,378974,423060,450291,470582,436680,391094,380738,354844,358841,327578,270390,292644,230308,228532,234791,231524,231894,210110,162489,183684,178716,223123,195946,166558,169597,155932,141899,133527,122666,110807,92345,82073,68524,57709,50749,41680,33539,24533,18566,13240,11694,9736,6307,4243,2923,14677
1, 서울특별시  (1100000000) ,9770638,9770638,53738,59599,65815,70726,70037,69000,76377,73745,75639,70189,74217,80273,74774,71529,78329,82561,82083,90416,107254,109552,114315,122473,129497,141673,150625,156258,165662,165771,152776,151006,150177,144503,144300,145260,142644,157624,164934,168159,162843,162014,141538,145260,144326,146145,158029,165333,168391,176426,175457,169300,167962,154449,147478,149781,151916,141921,152687,159184,167176,157349,145519,142867,132352,135608,123861,103339,110202,83062,85623,88133,85983,86008,79560,60652,63418,59401,72043,60979,49561,47432,42445,37293,33253,29705,25250,20503,17751,14506,12100,10729,8923,7199,5374,3972,2927,2813,2260,1565,1180,880,5932,4773605,4773605,27977,30473,33735,36145,35828,35485,38974,37925,38807,35929,38053,41394,38588,37047,40363,42612,42298,46651,55182,55520,56854,59790,63131,68667,73826,77022,82134,82034,75863,75597,74771,71690,71656,72626,71472,79835,82472,84503,81726,80764,70369,71587,71936,72378,78761,81076,83793,88153,86966,83872,82717,75035,74149,73792,74823,70127,75290,77398,79867,75019,69997,68557,62715,63794,58664,48620,52010,39029,40445,40887,40127,39449,36468,27929,29156,26746,33542,27660,22123,20718,18029,15403,13118,11356,9201,7156,6000,4509,3517,3110,2404,1805,1320,900,740,744,596,427,352,258,1497,4997033,4997033,25761,29126,32080,34581,34209,33515,37403,35820,36832,34260,36164,38879,36186,34482,37966,39949,39785,43765,52072,54032,57461,62683,66366,73006,76799,79236,83528,83737,76913,75409,75406,72813,72644,72634,71172,77789,82462,83656,81117,81250,71169,73673,72390,73767,79268,84257,84598,88273,88491,85428,85245,79414,73329,75989,77093,71794,77397,81786,87309,82330,75522,74310,69637,71814,65197,54719,58192,44033,45178,47246,45856,46559,43092,32723,34262,32655,38501,33319,27438,26714,24416,21890,20135,18349,16049,13347,11751,9997,8583,7619,6519,5394,4054,3072,2187,2069,1664,1138,828,622,4435
2, 부산광역시  (2600000000) ,3436230,3436230,17883,20986,23913,26448,26049,25830,28371,27650,27532,25158,25927,27866,25181,24607,26476,28439,28450,32124,37359,37731,39047,42222,44759,46819,47574,47180,47485,45532,40652,40796,39175,37954,38068,39032,39878,45518,50015,53659,53727,53604,46949,47547,45541,48359,52405,55301,55746,57475,58746,57827,59665,56336,54303,55340,55035,52226,61208,65263,68995,64169,59783,59496,56706,57610,52662,43833,46625,39705,36735,37559,37445,35373,31108,22701,26878,24951,29906,24906,21413,20318,17687,15466,13944,12274,10596,8462,7409,6012,4644,4208,3460,2799,1844,1387,1029,821,676,456,301,233,1697,1689253,1689253,9119,10912,12130,13648,13491,13236,14588,14142,14097,13044,13294,14311,13001,12757,13645,14856,14838,16690,19659,19811,20377,21671,23487,24743,25276,25300,25054,23843,21191,21341,20202,19308,19650,20089,20327,23127,25520,27177,27308,27338,23996,24195,23180,24359,26360,27483,28181,28718,29083,28465,29155,27160,26883,26835,26708,25603,29747,31069,32792,30439,28773,28768,27287,26806,25785,20765,21931,18755,17500,17493,17413,16278,14509,10536,12161,11078,13447,10659,8967,8329,7039,5977,5163,4301,3517,2744,2185,1664,1199,1053,790,581,401,268,222,168,155,97,58,62,360,1746977,1746977,8764,10074,11783,12800,12558,12594,13783,13508,13435,12114,12633,13555,12180,11850,12831,13583,13612,15434,17700,17920,18670,20551,21272,22076,22298,21880,22431,21689,19461,19455,18973,18646,18418,18943,19551,22391,24495,26482,26419,26266,22953,23352,22361,24000,26045,27818,27565,28757,29663,29362,30510,29176,27420,28505,28327,26623,31461,34194,36203,33730,31010,30728,29419,30804,26877,23068,24694,20950,19235,20066,20032,19095,16599,12165,14717,13873,16459,14247,12446,11989,10648,9489,8781,7973,7079,5718,5224,4348,3445,3155,2670,2218,1443,1119,807,653,521,359,243,171,1337
3, 대구광역시  (2700000000) ,2458138,2458138,13614,16044,18357,19961,19994,19797,22194,21666,21888,20175,21236,23091,21169,21137,22220,24404,23953,27306,31847,31153,31247,34059,34452,35437,34710,34139,34232,32394,29090,29084,27299,26860,26804,27723,27592,31716,35560,37237,37281,37631,33387,35210,35699,37123,40338,42511,43358,44776,45096,45200,46402,44138,41745,42165,42085,38412,43548,44895,45275,43231,36577,36470,34919,33517,30308,26361,28753,23847,21554,22447,22628,21040,17085,12705,15486,15698,18992,15660,13321,13319,11581,10324,9427,8481,7465,5945,5236,4175,3180,2586,2160,1662,1231,876,647,493,387,283,192,131,642,1217209,1217209,6959,8236,9410,10187,10207,10071,11428,11100,11286,10473,11035,11775,11098,11060,11644,12839,12738,14470,16830,16546,16756,17959,18276,19002,18980,18809,18656,17617,15845,15847,14880,14361,14263,14620,14463,16044,17711,18533,18570,18689,16658,17450,17876,18362,19868,20651,21374,22126,22144,22070,22889,21448,20956,20496,20579,19073,21478,22097,21926,20718,18062,17964,17120,15717,14651,12360,13229,11195,10111,10472,10243,9523,7678,5654,6675,6483,8234,6491,5320,5198,4513,3785,3437,2955,2565,1874,1651,1199,785,623,518,381,261,191,122,108,84,55,37,23,150,1240929,1240929,6655,7808,8947,9774,9787,9726,10766,10566,10602,9702,10201,11316,10071,10077,10576,11565,11215,12836,15017,14607,14491,16100,16176,16435,15730,15330,15576,14777,13245,13237,12419,12499,12541,13103,13129,15672,17849,18704,18711,18942,16729,17760,17823,18761,20470,21860,21984,22650,22952,23130,23513,22690,20789,21669,21506,19339,22070,22798,23349,22513,18515,18506,17799,17800,15657,14001,15524,12652,11443,11975,12385,11517,9407,7051,8811,9215,10758,9169,8001,8121,7068,6539,5990,5526,4900,4071,3585,2976,2395,1963,1642,1281,970,685,525,385,303,228,155,108,492
4, 인천광역시  (2800000000) ,2956063,2956063,18743,20473,23396,25642,25906,25620,28111,27868,27811,26157,26934,28897,26194,25148,26388,28167,27511,31078,35360,35255,35655,38246,39445,41598,43005,43628,44631,43834,39547,38592,37774,36521,37018,38398,38686,43845,48474,50911,49654,49975,44482,45646,44176,45957,49660,51761,52198,53921,54108,52851,54527,49938,49524,50715,51817,47388,52455,54346,54881,50226,45495,43168,38473,38057,33880,27170,28887,20769,21258,21995,21508,21402,19856,14727,15232,14747,17980,15254,12510,12444,11453,10026,9336,8502,7312,6125,5286,4300,3678,3189,2673,2044,1578,1129,948,675,606,403,271,199,845,1482440,1482440,9557,10657,11870,13119,13268,13058,14469,14357,14282,13438,13751,14765,13577,12895,13609,14517,14201,16097,18229,18455,18566,19720,20616,21565,22745,22995,23259,22820,20687,20132,19538,18878,19111,19950,19989,22418,24911,26190,25539,25897,22746,23347,22765,23656,25482,25990,26668,27401,27285,26351,26887,24531,24914,25336,25883,24084,26626,27474,27658,25397,22970,21731,19331,18752,16832,13201,14259,10253,10426,10640,10479,10131,9223,6789,6903,6551,7812,6412,5051,4947,4400,3759,3261,2982,2390,1890,1474,1149,892,762,645,475,330,222,185,177,152,81,75,59,209,1473623,1473623,9186,9816,11526,12523,12638,12562,13642,13511,13529,12719,13183,14132,12617,12253,12779,13650,13310,14981,17131,16800,17089,18526,18829,20033,20260,20633,21372,21014,18860,18460,18236,17643,17907,18448,18697,21427,23563,24721,24115,24078,21736,22299,21411,22301,24178,25771,25530,26520,26823,26500,27640,25407,24610,25379,25934,23304,25829,26872,27223,24829,22525,21437,19142,19305,17048,13969,14628,10516,10832,11355,11029,11271,10633,7938,8329,8196,10168,8842,7459,7497,7053,6267,6075,5520,4922,4235,3812,3151,2786,2427,2028,1569,1248,907,763,498,454,322,196,140,636
5, 광주광역시  (2900000000) ,1459208,1459208,8639,10199,11944,13022,13327,13443,15190,14847,15204,14221,14867,16184,14871,14341,15280,16691,16574,18795,21593,21315,21501,22503,22454,22441,21664,21046,20756,19233,17362,16762,16383,16195,16467,17304,17717,20667,23429,23897,23143,24001,21682,22568,23005,22616,25528,25944,26309,26972,26698,25371,26664,24288,23911,23576,22122,21558,21986,22092,24121,22116,19487,18887,16397,16459,15057,12116,13097,11511,11396,11886,11029,11135,10372,7923,8205,7062,10184,8316,6753,6571,5961,5430,4584,4273,3868,3083,2618,2119,1810,1729,1277,950,749,546,350,348,282,197,122,94,376,722689,722689,4458,5278,6130,6664,6864,6837,7937,7699,7726,7392,7614,8435,7714,7446,7899,8785,8603,9726,11282,11081,11171,11761,11730,11654,11483,11209,10905,10024,8957,8774,8377,8268,8351,8839,9020,10528,11902,11954,11501,11906,10758,11130,11521,11257,12744,12766,13112,13262,13350,12672,13136,12032,12067,11622,11064,10720,10989,10808,11798,10729,9318,9184,8008,7911,7208,5691,6069,5430,5287,5458,5138,4994,4815,3556,3622,3023,4600,3510,2700,2598,2418,2030,1652,1476,1314,955,776,593,412,475,290,217,149,105,61,70,52,27,16,19,41,736519,736519,4181,4921,5814,6358,6463,6606,7253,7148,7478,6829,7253,7749,7157,6895,7381,7906,7971,9069,10311,10234,10330,10742,10724,10787,10181,9837,9851,9209,8405,7988,8006,7927,8116,8465,8697,10139,11527,11943,11642,12095,10924,11438,11484,11359,12784,13178,13197,13710,13348,12699,13528,12256,11844,11954,11058,10838,10997,11284,12323,11387,10169,9703,8389,8548,7849,6425,7028,6081,6109,6428,5891,6141,5557,4367,4583,4039,5584,4806,4053,3973,3543,3400,2932,2797,2554,2128,1842,1526,1398,1254,987,733,600,441,289,278,230,170,106,75,335
6, 대전광역시  (3000000000) ,1487605,1487605,8872,10574,12105,13181,12993,13206,14332,14334,14090,13472,14126,15387,14015,13544,14673,15594,15474,17111,19799,19554,20283,21444,22064,22880,22417,21951,22439,21097,19685,19041,18519,18341,18393,18754,18782,20584,23164,23920,23510,23209,21717,22393,22268,22990,24930,26757,26198,27360,27162,27107,28008,24529,23668,23215,23962,20569,23938,25668,26388,23964,20697,20881,19429,19057,17739,13580,14317,11713,11466,11565,11287,10391,9634,7405,8093,7693,9682,8259,6229,6664,6120,5475,4921,4412,3919,3299,2810,2330,1834,1573,1323,1100,719,571,376,366,264,189,122,70,327,743135,743135,4540,5499,6202,6770,6746,6753,7328,7411,7278,6885,7330,7907,7236,7028,7643,8031,8128,8968,10306,10136,10492,10886,11405,12100,11989,11766,12009,11114,10516,10325,9889,9752,9649,9646,9809,10495,11794,11972,11883,11626,10782,11068,11100,11424,12426,13222,13078,13853,13602,13529,13845,12023,12040,11579,11925,10354,11943,12812,12913,11618,10185,10357,9699,9201,8598,6639,6968,5666,5556,5539,5303,4945,4538,3462,3603,3304,4293,3583,2539,2726,2429,2151,1801,1528,1328,1069,899,676,501,379,338,273,174,129,82,71,54,48,25,21,77,744470,744470,4332,5075,5903,6411,6247,6453,7004,6923,6812,6587,6796,7480,6779,6516,7030,7563,7346,8143,9493,9418,9791,10558,10659,10780,10428,10185,10430,9983,9169,8716,8630,8589,8744,9108,8973,10089,11370,11948,11627,11583,10935,11325,11168,11566,12504,13535,13120,13507,13560,13578,14163,12506,11628,11636,12037,10215,11995,12856,13475,12346,10512,10524,9730,9856,9141,6941,7349,6047,5910,6026,5984,5446,5096,3943,4490,4389,5389,4676,3690,3938,3691,3324,3120,2884,2591,2230,1911,1654,1333,1194,985,827,545,442,294,295,210,141,97,49,250
7, 울산광역시  (3100000000) ,1153735,1153735,7763,9026,10461,11236,11357,11139,12234,11692,11737,10936,11298,11970,10731,10308,10722,11546,11128,13083,15000,14627,14871,15676,15851,15922,15674,15493,15418,15193,13773,14089,13771,13383,13812,14397,14554,17055,18922,19740,19795,19664,17186,18113,16880,17628,19056,20019,20178,21469,21625,21658,22754,21457,21181,21700,20927,18614,21029,21642,22107,19808,17787,16842,15568,14878,13262,11128,11266,9106,8447,8082,8078,7404,6081,4347,5289,4855,5981,4573,3915,3932,3382,2968,2711,2367,2184,1785,1528,1244,945,846,729,536,396,310,229,194,147,75,65,39,156,592853,592853,3994,4667,5397,5771,5840,5631,6279,6074,6086,5743,5892,6182,5578,5417,5733,6133,5841,7025,7949,7865,8229,8526,8895,8929,8876,8907,8653,8334,7641,7866,7697,7230,7367,7640,7617,8807,9698,10259,10285,10261,9011,9352,8814,8906,9645,9827,10162,10704,10680,10755,11336,10517,11039,11171,10939,9614,11079,11181,11212,10152,9187,8552,7841,7411,6788,5580,5647,4582,4336,4061,4072,3685,3006,2129,2360,2187,2718,1974,1594,1590,1299,995,877,728,665,516,422,278,226,171,134,95,53,42,32,31,19,10,14,4,32,560882,560882,3769,4359,5064,5465,5517,5508,5955,5618,5651,5193,5406,5788,5153,4891,4989,5413,5287,6058,7051,6762,6642,7150,6956,6993,6798,6586,6765,6859,6132,6223,6074,6153,6445,6757,6937,8248,9224,9481,9510,9403,8175,8761,8066,8722,9411,10192,10016,10765,10945,10903,11418,10940,10142,10529,9988,9000,9950,10461,10895,9656,8600,8290,7727,7467,6474,5548,5619,4524,4111,4021,4006,3719,3075,2218,2929,2668,3263,2599,2321,2342,2083,1973,1834,1639,1519,1269,1106,966,719,675,595,441,343,268,197,163,128,65,51,35,124
8, 세종특별자치시  (3600000000) ,320326,320326,3610,4002,4407,4712,4576,4520,5085,4873,4917,4555,4660,4599,4217,3782,3733,3624,3284,3179,3288,3224,3174,3062,3138,3284,3402,3309,3677,3739,3637,3965,4259,4466,4907,5035,5404,6207,7082,7355,7095,7307,6344,6496,6255,6230,6345,6349,5752,5926,5335,4853,4841,4122,3994,3730,3932,3266,3865,3957,3950,3639,3221,3202,2910,3039,2792,2065,2205,1755,1770,1833,1631,1487,1432,1073,1158,1094,1461,1261,1020,1059,988,861,833,743,716,594,527,413,355,315,241,192,148,109,78,52,43,47,9,8,54,159860,159860,1856,2006,2253,2448,2354,2252,2630,2510,2511,2325,2318,2269,2161,1905,1844,1792,1640,1601,1703,1641,1634,1624,1669,1749,1779,1733,1838,1766,1747,1886,2061,2114,2398,2487,2665,2979,3371,3604,3467,3616,3071,3293,3148,3111,3325,3352,3101,3207,2882,2616,2583,2123,2100,1927,2053,1688,2041,2023,1983,1846,1604,1608,1414,1541,1392,996,1091,839,864,864,821,703,678,503,504,478,618,538,413,417,385,309,323,235,245,176,132,102,90,82,60,42,31,27,11,14,10,10,2,2,7,160466,160466,1754,1996,2154,2264,2222,2268,2455,2363,2406,2230,2342,2330,2056,1877,1889,1832,1644,1578,1585,1583,1540,1438,1469,1535,1623,1576,1839,1973,1890,2079,2198,2352,2509,2548,2739,3228,3711,3751,3628,3691,3273,3203,3107,3119,3020,2997,2651,2719,2453,2237,2258,1999,1894,1803,1879,1578,1824,1934,1967,1793,1617,1594,1496,1498,1400,1069,1114,916,906,969,810,784,754,570,654,616,843,723,607,642,603,552,510,508,471,418,395,311,265,233,181,150,117,82,67,38,33,37,7,6,47
9, 경기도  (4100000000) ,13104696,13104696,86220,99310,113744,124522,125023,123464,137807,133613,135531,126059,130776,139363,127034,119974,127016,132962,131172,143782,165338,162091,162834,169794,170559,177803,181066,181916,187250,183951,165303,165015,163865,163147,164448,172168,174260,197506,219907,230629,229175,228972,204895,212782,209248,215962,230184,241286,240896,250248,248807,240572,243229,218573,215287,214773,216335,194796,212032,220273,222620,202409,183681,173229,156671,153904,139982,112772,122484,86120,88553,90309,88812,90407,83353,64427,67407,63615,77597,67431,56418,55598,50551,45538,41711,37269,32470,26560,23089,18401,15589,13621,11076,8826,6355,4756,3660,3035,2574,1623,1149,791,3706,6592095,6592095,44262,51054,58285,63873,63805,63241,70634,68461,69594,64803,67063,71419,65192,61711,65071,68522,67871,74394,85764,84280,84868,88201,89365,93171,95510,96065,99232,96914,86520,86705,85380,84397,84593,88251,89315,100834,112386,116992,116743,116205,103934,107203,106806,109429,116900,121516,122949,127864,126679,121281,122064,108558,110797,109236,110550,100466,109360,112024,112992,102547,93386,87914,78450,76341,69187,55556,59992,41833,42275,43119,42181,42506,38858,29729,30088,27607,34380,29018,23814,22692,20207,17810,15774,13275,11165,8746,7201,5478,4282,3665,2773,2098,1460,993,882,737,667,394,288,216,957,6512601,6512601,41958,48256,55459,60649,61218,60223,67173,65152,65937,61256,63713,67944,61842,58263,61945,64440,63301,69388,79574,77811,77966,81593,81194,84632,85556,85851,88018,87037,78783,78310,78485,78750,79855,83917,84945,96672,107521,113637,112432,112767,100961,105579,102442,106533,113284,119770,117947,122384,122128,119291,121165,110015,104490,105537,105785,94330,102672,108249,109628,99862,90295,85315,78221,77563,70795,57216,62492,44287,46278,47190,46631,47901,44495,34698,37319,36008,43217,38413,32604,32906,30344,27728,25937,23994,21305,17814,15888,12923,11307,9956,8303,6728,4895,3763,2778,2298,1907,1229,861,575,2749
10, 강원도  (4200000000) ,1540445,1540445,8023,9177,10304,10993,11067,11354,12713,12854,13110,12282,12705,13966,12688,12711,13542,14185,14918,16358,18555,18811,19312,19706,19532,19812,19255,18420,17952,16962,15213,15034,14994,14660,14864,15468,15408,17691,19837,20662,20356,20558,19620,20259,20107,21184,23373,25396,24773,25663,26290,26365,27327,25097,25832,25007,25083,24204,27852,30188,31051,29684,27647,27785,25493,24206,23358,18643,21723,13527,13767,13677,14638,15079,14412,12621,13469,12819,15152,13723,12462,12045,11145,9587,8717,7615,6505,5371,4464,3751,3393,2888,2335,1877,1397,1161,855,712,524,368,241,184,742,774988,774988,4088,4705,5313,5581,5657,5822,6400,6642,6728,6316,6548,7230,6635,6599,7020,7402,7773,8628,9839,9805,10250,10472,10729,11346,11402,10839,10236,9493,8577,8225,8156,7832,7923,8243,8134,9195,10176,10485,10397,10403,10039,10312,10298,10738,12100,13154,12980,13458,13755,13699,14248,13042,13488,12742,12965,12493,14246,15287,15301,14605,13856,14130,12926,12135,11724,9181,10742,6405,6485,6503,6906,7100,6846,5763,5971,5496,6624,5732,5101,4919,4391,3796,3275,2718,2023,1618,1296,1044,877,673,539,413,305,268,238,203,143,94,55,55,225,765457,765457,3935,4472,4991,5412,5410,5532,6313,6212,6382,5966,6157,6736,6053,6112,6522,6783,7145,7730,8716,9006,9062,9234,8803,8466,7853,7581,7716,7469,6636,6809,6838,6828,6941,7225,7274,8496,9661,10177,9959,10155,9581,9947,9809,10446,11273,12242,11793,12205,12535,12666,13079,12055,12344,12265,12118,11711,13606,14901,15750,15079,13791,13655,12567,12071,11634,9462,10981,7122,7282,7174,7732,7979,7566,6858,7498,7323,8528,7991,7361,7126,6754,5791,5442,4897,4482,3753,3168,2707,2516,2215,1796,1464,1092,893,617,509,381,274,186,129,517
11, 충청북도  (4300000000) ,1598868,1598868,10053,11369,12493,13424,13327,13555,14935,14737,14932,14023,14389,15502,13874,13650,14502,15169,15405,17012,19679,19373,20083,20832,20864,21253,20783,20760,20507,19478,17796,17500,17410,17618,17757,18520,18825,20798,23267,23856,23180,23408,21196,22344,21867,23196,25168,26892,25492,26747,27221,27963,28902,26447,26606,26654,26140,22430,27508,30393,29812,27305,25597,25741,23932,22702,21009,17613,18683,14301,13211,13463,13641,13688,12222,9927,11125,10785,14584,11989,9950,10654,9446,8791,8258,7550,6625,5475,4443,3504,2905,2522,2023,1618,1155,883,651,453,460,300,171,104,533,808975,808975,5150,5785,6470,6864,6661,6843,7642,7562,7633,7261,7491,7995,7149,7104,7575,7972,8080,8866,10297,10158,10656,10843,11356,11753,11856,11847,11673,10965,9962,9633,9350,9434,9515,9882,9969,10855,12050,12353,11989,12210,11030,11491,11435,11917,12956,13826,13399,13930,14144,14367,14580,13526,13969,13644,13533,11663,14378,15598,15037,13661,13046,13119,12248,11295,10405,8782,9209,7000,6366,6600,6649,6581,5770,4525,4843,4517,6278,4906,4061,4274,3587,3261,2972,2579,2168,1677,1309,903,726,581,480,377,269,199,160,104,94,63,33,22,144,789893,789893,4903,5584,6023,6560,6666,6712,7293,7175,7299,6762,6898,7507,6725,6546,6927,7197,7325,8146,9382,9215,9427,9989,9508,9500,8927,8913,8834,8513,7834,7867,8060,8184,8242,8638,8856,9943,11217,11503,11191,11198,10166,10853,10432,11279,12212,13066,12093,12817,13077,13596,14322,12921,12637,13010,12607,10767,13130,14795,14775,13644,12551,12622,11684,11407,10604,8831,9474,7301,6845,6863,6992,7107,6452,5402,6282,6268,8306,7083,5889,6380,5859,5530,5286,4971,4457,3798,3134,2601,2179,1941,1543,1241,886,684,491,349,366,237,138,82,389
12, 충청남도  (4400000000) ,2125372,2125372,13917,15659,17625,19292,18912,19250,21262,21063,20988,19613,20211,21453,19660,18693,19635,20089,20181,22294,25405,24774,25088,25591,25506,25265,24828,24553,25429,24054,22962,23312,23701,24474,24791,25296,25777,29307,33304,33981,33420,33019,29966,30943,30221,31338,33628,35454,33978,35962,35322,34950,36392,32562,31913,31681,34293,28726,33644,37120,38400,34897,30759,29954,28098,29619,27420,21033,22586,20082,19867,20500,19910,19131,16997,12921,15179,14597,19752,17459,13437,15176,14395,13077,12775,11715,10243,8498,7642,5982,4506,3947,3288,2445,1836,1333,939,814,714,452,266,202,802,1082148,1082148,7069,8065,8958,9859,9572,9910,10831,10903,10909,10132,10440,11087,10216,9632,10198,10385,10648,11534,13233,13085,13250,13590,13714,13994,13976,13484,13943,13196,12784,12915,12961,13123,13244,13671,13699,15600,17739,18158,17822,17385,16202,16621,15987,16398,17808,18820,18330,19438,18863,18616,19231,17171,17184,16626,18074,15107,17850,19317,19686,17655,15496,15284,14217,14979,13450,10315,11015,9900,9537,9993,9663,9177,8297,6046,6634,6103,8383,7137,5402,5976,5490,4917,4707,4168,3534,2858,2420,1814,1265,1036,839,593,430,292,212,162,139,95,52,40,183,1043224,1043224,6848,7594,8667,9433,9340,9340,10431,10160,10079,9481,9771,10366,9444,9061,9437,9704,9533,10760,12172,11689,11838,12001,11792,11271,10852,11069,11486,10858,10178,10397,10740,11351,11547,11625,12078,13707,15565,15823,15598,15634,13764,14322,14234,14940,15820,16634,15648,16524,16459,16334,17161,15391,14729,15055,16219,13619,15794,17803,18714,17242,15263,14670,13881,14640,13970,10718,11571,10182,10330,10507,10247,9954,8700,6875,8545,8494,11369,10322,8035,9200,8905,8160,8068,7547,6709,5640,5222,4168,3241,2911,2449,1852,1406,1041,727,652,575,357,214,162,619
13, 전라북도  (4500000000) ,1832227,1832227,9341,11274,12509,14150,14465,14849,16480,16508,16994,15808,16522,17777,16410,16164,17215,18167,18886,20877,23841,23249,23667,24414,24357,23805,22939,21527,20727,19357,17695,17187,16897,16731,17156,17929,18439,21261,23491,24486,24669,24769,23204,25124,24337,25684,28927,30239,29864,31601,31342,30164,32238,28792,29926,29721,28894,26607,30365,31547,35221,32104,27336,28008,25770,26564,25643,19702,20872,19030,20724,20037,18001,19890,18831,13305,14053,13353,19710,18187,13070,14369,13244,12057,11172,10551,9392,7844,6617,5491,4342,3709,3133,2612,1726,1083,805,780,726,359,280,194,765,911110,911110,4761,5719,6391,7319,7449,7611,8501,8487,8712,8168,8560,9128,8471,8460,8849,9396,9926,10779,12350,12105,12462,12949,12990,13081,12609,11825,11143,10230,9500,9183,8819,8714,8825,9205,9451,10901,12169,12574,12677,12783,11927,12813,12529,13166,14940,15531,15609,16668,16398,15763,16855,14902,15698,15382,14990,13765,15659,15980,17625,15954,13569,14226,12937,13260,12503,9702,10101,9353,9818,9444,8473,9364,8864,6039,6058,5472,8104,7317,5113,5461,5001,4411,3857,3578,3052,2404,1952,1476,1117,959,764,596,387,222,184,142,136,68,53,30,157,921117,921117,4580,5555,6118,6831,7016,7238,7979,8021,8282,7640,7962,8649,7939,7704,8366,8771,8960,10098,11491,11144,11205,11465,11367,10724,10330,9702,9584,9127,8195,8004,8078,8017,8331,8724,8988,10360,11322,11912,11992,11986,11277,12311,11808,12518,13987,14708,14255,14933,14944,14401,15383,13890,14228,14339,13904,12842,14706,15567,17596,16150,13767,13782,12833,13304,13140,10000,10771,9677,10906,10593,9528,10526,9967,7266,7995,7881,11606,10870,7957,8908,8243,7646,7315,6973,6340,5440,4665,4015,3225,2750,2369,2016,1339,861,621,638,590,291,227,164,608
14, 전라남도  (4600000000) ,1875862,1875862,10755,11929,13118,14358,14420,14789,16242,16345,16482,15456,15820,16963,15676,15245,16118,17294,17944,20081,23093,23169,22839,23571,23110,22610,21197,19963,19688,18295,16529,16319,15860,16217,16613,17617,18302,21337,23740,23814,24013,24770,22469,23963,23832,24379,26915,28344,29126,30620,30756,30218,32539,30421,30903,31372,30345,29825,31669,32622,36461,33924,30555,29624,26452,27268,25688,19971,22938,21753,21459,21600,20735,21755,20253,16277,17241,15323,24120,20516,17765,18080,16302,14997,13273,11762,10864,8663,7554,6261,5431,4971,3309,2560,1916,1437,977,1075,935,459,335,223,781,939624,939624,5446,6213,6668,7384,7319,7581,8212,8186,8533,7939,8170,8763,8064,7849,8401,8992,9305,10501,12127,12304,12220,12693,12656,12661,12057,11185,10647,9967,8804,8723,8543,8449,8665,9120,9592,11047,12687,12657,12604,13002,11825,12620,12818,12979,14425,15247,15683,16739,16676,16330,17663,16409,17075,16974,16167,15889,16890,16884,18618,17243,15679,15170,13534,13869,12848,9757,11189,10781,10367,10539,9925,10144,9353,7108,7370,6118,9853,8128,6698,6695,5796,5093,4356,3669,3244,2492,2071,1577,1227,1153,768,564,356,276,206,154,147,72,40,37,111,936238,936238,5309,5716,6450,6974,7101,7208,8030,8159,7949,7517,7650,8200,7612,7396,7717,8302,8639,9580,10966,10865,10619,10878,10454,9949,9140,8778,9041,8328,7725,7596,7317,7768,7948,8497,8710,10290,11053,11157,11409,11768,10644,11343,11014,11400,12490,13097,13443,13881,14080,13888,14876,14012,13828,14398,14178,13936,14779,15738,17843,16681,14876,14454,12918,13399,12840,10214,11749,10972,11092,11061,10810,11611,10900,9169,9871,9205,14267,12388,11067,11385,10506,9904,8917,8093,7620,6171,5483,4684,4204,3818,2541,1996,1560,1161,771,921,788,387,295,186,670
15, 경상북도  (4700000000) ,2671587,2671587,15258,17281,19855,21357,21300,21313,23436,22630,22553,21049,21953,23222,21162,20779,21614,23169,23450,26589,30662,30746,30101,32070,31888,31894,30968,29498,29478,28357,26098,26255,26004,26492,27040,28071,28138,32068,36144,38228,37284,37274,33360,35322,34429,36840,39983,42286,42433,43614,44924,45062,47715,44010,43988,44687,44361,41788,47909,50600,52257,50887,43592,43874,42635,41036,38494,33973,36524,30709,27436,29305,29381,27606,22378,16680,21277,22289,29488,23640,20751,21957,19605,17603,16610,15146,13637,10776,9732,7826,6214,5021,4323,3402,2403,1840,1251,1059,844,597,348,270,872,1344344,1344344,7928,8958,10103,11046,11014,10956,12221,11674,11646,10943,11513,11934,11156,10879,11430,12240,12450,14064,16419,16500,16270,17318,17738,18249,17880,16969,16562,15896,14611,14965,14472,14356,14447,15108,14834,16778,18753,19728,19613,19604,17536,18347,18017,19031,20763,21749,22339,23136,23571,23540,24721,22531,23251,23024,22988,21626,24857,25816,26487,25142,22010,22439,21530,20182,19188,16431,17595,14882,13343,14342,14269,13214,10635,7501,9032,8890,12440,9491,7879,8387,7143,6271,5613,5086,4278,3301,2828,2090,1562,1208,959,743,501,377,262,197,154,113,47,50,184,1327243,1327243,7330,8323,9752,10311,10286,10357,11215,10956,10907,10106,10440,11288,10006,9900,10184,10929,11000,12525,14243,14246,13831,14752,14150,13645,13088,12529,12916,12461,11487,11290,11532,12136,12593,12963,13304,15290,17391,18500,17671,17670,15824,16975,16412,17809,19220,20537,20094,20478,21353,21522,22994,21479,20737,21663,21373,20162,23052,24784,25770,25745,21582,21435,21105,20854,19306,17542,18929,15827,14093,14963,15112,14392,11743,9179,12245,13399,17048,14149,12872,13570,12462,11332,10997,10060,9359,7475,6904,5736,4652,3813,3364,2659,1902,1463,989,862,690,484,301,220,688
16, 경상남도  (4800000000) ,3371016,3371016,20372,23921,27237,30270,30634,30556,33918,33425,33342,30962,32310,34519,30521,29458,31298,32515,32945,36644,41988,41332,41279,42430,42585,41707,40365,38938,38360,37225,33992,34399,34220,34152,35573,37863,39252,44832,50811,53563,53991,53255,48612,49439,47560,50977,54832,58711,58072,60228,61724,61431,61915,58091,56294,57198,54461,49306,59203,62566,64680,57913,52792,51199,48319,47678,43866,34804,38174,32148,29477,30140,30215,28358,24926,17998,22625,20718,25762,23116,20269,19962,18053,16036,15555,13672,12380,10062,8927,7510,5792,5086,3917,3085,2193,1689,1147,867,744,437,294,162,690,1696062,1696062,10352,12376,13974,15541,15781,15641,17472,17151,17368,16008,16671,17760,15846,15317,16494,17132,17459,19341,22263,22002,22352,23033,23727,23520,22812,21799,21169,20220,18573,18739,18330,17918,18684,19916,20446,23111,26153,27657,27823,27568,25244,25405,24665,25997,28211,29922,30150,31161,31933,31295,31523,29166,29656,29062,27901,25517,30499,31521,32318,29262,26912,25875,24324,23417,22008,17123,18736,15610,14273,14477,14509,13276,11520,8153,9781,8457,10405,9176,7690,7236,6346,5521,5171,4354,3612,2805,2288,1800,1237,1150,818,632,404,281,213,150,142,55,53,32,133,1674954,1674954,10020,11545,13263,14729,14853,14915,16446,16274,15974,14954,15639,16759,14675,14141,14804,15383,15486,17303,19725,19330,18927,19397,18858,18187,17553,17139,17191,17005,15419,15660,15890,16234,16889,17947,18806,21721,24658,25906,26168,25687,23368,24034,22895,24980,26621,28789,27922,29067,29791,30136,30392,28925,26638,28136,26560,23789,28704,31045,32362,28651,25880,25324,23995,24261,21858,17681,19438,16538,15204,15663,15706,15082,13406,9845,12844,12261,15357,13940,12579,12726,11707,10515,10384,9318,8768,7257,6639,5710,4555,3936,3099,2453,1789,1408,934,717,602,382,241,130,557
17, 제주특별자치도  (5000000000) ,667522,667522,4614,5224,5782,6323,6429,6546,7302,7235,7243,6833,6844,7501,6847,6532,6706,7146,6915,7707,8689,8388,8302,8678,8627,8722,8581,8454,8452,7854,7147,6751,6589,6695,6980,7480,7898,8818,10337,10601,10607,11072,9448,10106,10019,10342,11619,11845,12387,13071,12385,12218,12177,11155,11172,10798,10549,10765,10573,10645,10984,10258,9362,8913,8609,8406,7555,5721,6049,5292,5282,4976,5458,5305,5064,4168,4260,3941,4414,4175,3652,3616,3357,2961,2738,2479,2476,2232,1800,1393,1145,1093,731,593,413,309,217,399,334,225,114,77,251,335865,335865,2375,2689,3011,3282,3282,3302,3718,3755,3729,3538,3556,3823,3585,3474,3533,3784,3668,4068,4461,4388,4328,4636,4580,4601,4609,4454,4514,4045,3776,3466,3359,3452,3582,3818,3975,4419,5241,5380,5426,5581,4792,5172,5246,5409,6195,6095,6449,6816,6483,6410,6381,5907,5970,5707,5458,5638,5479,5421,5584,5216,4743,4524,4308,4156,3767,2735,2958,2609,2504,2285,2685,2495,2396,1946,1950,1715,1954,1766,1473,1436,1310,1102,934,862,794,651,456,342,239,204,122,76,69,33,34,30,40,19,17,8,27,331657,331657,2239,2535,2771,3041,3147,3244,3584,3480,3514,3295,3288,3678,3262,3058,3173,3362,3247,3639,4228,4000,3974,4042,4047,4121,3972,4000,3938,3809,3371,3285,3230,3243,3398,3662,3923,4399,5096,5221,5181,5491,4656,4934,4773,4933,5424,5750,5938,6255,5902,5808,5796,5248,5202,5091,5091,5127,5094,5224,5400,5042,4619,4389,4301,4250,3788,2986,3091,2683,2778,2691,2773,2810,2668,2222,2310,2226,2460,2409,2179,2180,2047,1859,1804,1617,1682,1581,1344,1051,906,889,609,517,344,276,183,369,294,206,97,69,224
